cv_id,score,rank,shortlisted
cv_024,100.0,1,True
cv_002,94.2,2,True
cv_023,94.2,3,True
cv_028,94.2,4,True
cv_036,94.2,5,True
cv_016,88.0,6,True
cv_005,86.7,7,True
cv_010,86.7,8,True
cv_027,85.0,9,True
cv_006,83.3,10,True
cv_033,83.3,11,True
cv_017,82.2,12,True
cv_004,75.8,13,False
cv_020,73.3,14,False
cv_037,73.3,15,False
cv_019,65.8,16,False
cv_022,65.8,17,False
cv_039,65.0,18,False
cv_032,64.2,19,False
cv_013,62.2,20,False
cv_001,55.8,21,False
cv_034,55.8,22,False
cv_026,55.0,23,False
cv_018,54.2,24,False
cv_015,52.2,25,False
cv_021,47.8,26,False
cv_025,46.7,27,False
cv_040,46.7,28,False
cv_014,45.0,29,False
cv_031,42.2,30,False
cv_008,37.8,31,False
cv_007,37.5,32,False
cv_035,37.5,33,False
cv_011,37.0,34,False
cv_009,36.7,35,False
cv_030,30.0,36,False
cv_038,30.0,37,False
cv_012,23.3,38,False
cv_003,22.5,39,False
cv_029,22.5,40,False
